<div type="section" facs="#drucke_xb-4362_00111" n="58">
  <head>
  <pb facs="#drucke_xb-4362_00111" n="58"/>V. Cap.</head>
  <p>
    <pb facs="#drucke_xb-4362_00112" n="59"/>
    <pb facs="#drucke_xb-4362_00113" n="60"/>
    <pb facs="#drucke_xb-4362_00114" n="61"/>
    <pb facs="#drucke_xb-4362_00115" n="62"/>
    <pb facs="#drucke_xb-4362_00116" n="63"/>
    <pb facs="#drucke_xb-4362_00117" n="64"/>
    <pb facs="#drucke_xb-4362_00118" n="65"/>
    <pb facs="#drucke_xb-4362_00119" n="66"/>
    <pb facs="#drucke_xb-4362_00120" n="67"/>
    <pb facs="#drucke_xb-4362_00121" n="68"/>
    <pb facs="#drucke_xb-4362_00122"/>
    <index indexName="fsw" facs="#drucke_xb-4362_00122">
      <term type="structure" xml:lang="de" target="#illustration">Illustration</term>
    </index>
  </p>
  <div type="emblem_pictura" n="E018850" facs="#drucke_xb-4362_00122">
    <p>
      <index indexName="notation" facs="#drucke_xb-4362_00122">
        <term xml:lang="de" key="86(…)" type="ICONCLASS">Sprichwörter, Redewendungen, etc.</term>
        <index indexName="bsw" facs="#drucke_xb-4362_00122">
          <term xml:lang="de" key="86(…)" type="ICONCLASS">Redewendung</term>
          <term xml:lang="de" key="86(…)" type="ICONCLASS">Sprichwort</term>
        </index>
      </index>
      <index indexName="notation" facs="#drucke_xb-4362_00122">
        <term xml:lang="de" key="26C0" type="ICONCLASS">Ripa: Venti</term>
        <index indexName="bsw" facs="#drucke_xb-4362_00122">
          <term xml:lang="de" key="26C0" type="ICONCLASS">Wind</term>
          <term xml:lang="de" key="26C0" type="ICONCLASS">Eolo</term>
          <term xml:lang="de" key="26C0" type="ICONCLASS">venti</term>
        </index>
      </index>
      <index indexName="notation" facs="#drucke_xb-4362_00122">
        <term xml:lang="de" key="25G3" type="ICONCLASS">Bäume</term>
        <index indexName="bsw" facs="#drucke_xb-4362_00122">
          <term xml:lang="de" key="25G3" type="ICONCLASS">Baum</term>
        </index>
      </index>
      <index indexName="notation" facs="#drucke_xb-4362_00122">
        <term xml:lang="de" key="53A1" type="ICONCLASS">Wille; Ripa: Volontà</term>
        <index indexName="bsw" facs="#drucke_xb-4362_00122">
          <term xml:lang="de" key="53A1" type="ICONCLASS">Wille</term>
          <term xml:lang="de" key="53A1" type="ICONCLASS">volontà</term>
        </index>
      </index>
      <index indexName="notation" facs="#drucke_xb-4362_00122">
        <term xml:lang="de" key="54A7" type="ICONCLASS">…</term>
        <index indexName="bsw" facs="#drucke_xb-4362_00122">
          <term xml:lang="de" key="54A7" type="ICONCLASS">Kraft</term>
          <term xml:lang="de" key="54A7" type="ICONCLASS">Stärke</term>
          <term xml:lang="de" key="54A7" type="ICONCLASS">Macht</term>
          <term xml:lang="de" key="54A7" type="ICONCLASS">fortezza</term>
          <term xml:lang="de" key="54A7" type="ICONCLASS">forza</term>
        </index>
      </index>
    </p>
  </div>
  <div type="emblem_motto" n="E018850" facs="#drucke_xb-4362_00122">
    <p xml:lang="de">So muß es mir ergehn, Soll ich sonst fäste Stehn.</p>
  </div>
  <div type="section" facs="#drucke_xb-4362_00123">
    <p>
      <pb facs="#drucke_xb-4362_00123"/>
    </p>
  </div>
</div>
